name,content,url,company,sentiment
Djidel Akram,ğŸŒŸ Top React Libraries React libraries provide a wide range of pre-built components that can be used to quickly and easily build user interfaces. This can save you a lot of time and effort.These are best React libraries that need to create advanced React applications ğŸ”¥Credit:Rahul Patil  #react #webdevelopment #design,https://www.linkedin.com/in/maurisandev,person,0.9287
Straive,"Straive helped a top EdTech company scale up quality checks for its educational content (questions and answers). We assembled a team of 50+ full-time equivalents to manage quality and influx and to review the solutions.Â  To learn how Straive can help your company streamline quality Q&A and capitalize on projects similarly, download the case study.",https://www.linkedin.com/company/straive_/,company,0.6369
Amazon Web Services (AWS),"Try this new tool from AWS to help advance your cloud-native app development capabilities through improved team skills, processes, and technology",/in/ACoAAB-_UNUB7n_GnQcvTwbEExMJUuXuyRJE3y0/,person,0.7003
Sudalai Rajkumar - SRK,Cohere has created an LLM University to learn about LLMs and NLP. The course covers various aspects of LLMs includingâ¦¿ How do LLMs work?â¦¿ What are LLMs useful for?â¦¿ How can I use LLMs to build and deploy apps?Link: https://lnkd.in/gc5uTgNMFull Stack Deep Learning announced their free LLM course last week. Read more about that here - https://lnkd.in/gaAKZh3qHappy Learning!#LLMs,https://www.linkedin.com/in/oscar-legat-51840291,person,0.8415
Adalab,"ğŸ’¼ WE ARE HIRING! â˜ En #Adalab buscamos a una persona con estudios en ADE, EconÃ³micas o similar y al menos 5 aÃ±os de experiencia.â„¹ï¸ Accede a la oferta en detalle en para conocer los requisitos del perfil, asÃ­ como las condiciones del puesto. https://lnkd.in/drBfKxWb",https://www.linkedin.com/company/adalab/,company,0.0
LinkedIn Ads,"Use LinkedInâ€™s precise targeting capabilities to reach your audiences beyond LinkedIn. Get greater reach, better results with LinkedIn Audience Network. https://lnkd.in/gXmkzz_u",https://www.linkedin.com/company/linkedin-ads/,company,0.6808
Nevan Scott,Evaluating User Interfaces with the Squint Test â€” Luke Wroblewski reflects on an oldie/goodie:Â¶,https://www.linkedin.com/in/marcosantonastasi,person,0.0
AndrÃ©s PedreÃ±o MuÃ±oz,"ğŸ‘‰ Es genial ver que el equipo de ""MakeaBot"" 1millionbot estÃ¡ obteniendo reconocimiento por su arduo trabajo y esfuerzos en el desarrollo de soluciones tecnolÃ³gicas innovadoras. Un enfoque colaborativo para el Ã©xito.ğŸ‘‰ Talento en inteligencia artificial, desarrollo full stack, diseÃ±o UX/UI y ciencia de datos, trabaja colectivamente para ofrecer soluciones Â¡Â¡Grandes!! el talento joven se abre paso !!",https://www.linkedin.com/in/andres-pedreno,person,0.6083
Golden Suisse,"Golden Suisse operates similarly to traditional Swiss gold banks of the 19th century. Client deposits and investments are physical gold bars and bullion currencies.Our award-winning banking patented technology allows our clients to utilize their own personal gold  stored in Switzerland to make payments, transfers, and credit card purchases from any location across the globe.As a result, we are more secure than any private bank in the world, including by standards set out by the Bank of International Settlement, and  furthermore as we deal with gold we are also free from inflation risks.",https://www.linkedin.com/company/goldencoin-bettermoneybetterbanking/,company,0.7574
WeDoData,"This week our lovely Olivia has been working from our Bristol officeğŸ™‹â€â™€ï¸â€œItâ€™s been great catching up with my colleagues but especially, Jango ğŸ¶ One of the main benefits for working in WeDoData is the flexibility they offer; Iâ€™ve been able to catch up with family and keep up with my work as usual by conducting Team interviews and booking interviews. Also, seems like I brought the sun with me from Mallorca! ğŸŒ´â€If you would be interested in speaking about job opportunities within WeDoData contact Owen or Jay for a confidential chat.",https://www.linkedin.com/company/wedodata1/,company,0.968
Laboratoria,"ğŸš€ Â¿SabÃ­as que en AmÃ©rica Latina existe una escasez de talento tecnolÃ³gico? ğŸ’¡ğŸ’ª SegÃºn Bloomberg, la regiÃ³n enfrenta una brecha importante en habilidades tecnolÃ³gicas, lo que ha generado numerosos puestos vacantes sin candidatos cualificados. Â¡Pero no todo estÃ¡ perdido!ğŸŒ± Los programas de formaciÃ³n y semilleros de talento estÃ¡n cambiando el juego. Descubre cÃ³mo estas iniciativas estÃ¡n cerrando la brecha y brindando oportunidades laborales a candidatas/os altamente capacitados/as en nuestro nuevo artÃ­culo, Vanessa Aranibar, nuestra Head of Content & Inbound Marketingnos cuenta mÃ¡s.#TalentoTecnolÃ³gico #FormaciÃ³nDeTalento #SemillerosDeTalento #CerrandoLaBrecha #InnovaciÃ³nTecnolÃ³gica #AmÃ©ricaLatina #RecursosHumanos #TechJobs #Laboratoria",https://www.linkedin.com/in/nadymich,person,-0.5707
Mauricio Mora Caballero,"La facilidad con que las herramientas analÃ­ticas permiten que cada vez mÃ¡s personas ejecuten procedimientos es impresionanteğŸ‘ğŸ‘Reduciendo la brecha de conocimiento y facilitando la implementaciÃ³n de cualquier tipo de modeloğŸ‘ğŸ‘Sin embargo, existen procedimientos estadÃ­sticos (regresiÃ³n lineal, regresiÃ³n logÃ­stica binaria, mÃºltiple, anÃ¡lisis discriminante...) que necesitan ğŸ‘€validar supuestos para que sea correcto su usoğŸ‘€Si no se cumplen estos supuestos, tenemos una ecuaciÃ³n muy linda que no tiene fundamento matemÃ¡tico y no puede usarseğŸ˜­. Es importante que sepamos cuales son y cÃ³mo se deben probar, mÃ¡s allÃ¡ de ejecutar el modelo y usarloğŸ˜ƒEn las regresiones lineales, se debe validar antes de ejecutar el modelo:1. La cantidad de variables que se usen como independientes no puede ser mÃ¡s que la cantidad de registros2. Las variables independientes no deben estar correlacionadas entre sÃ­ (ausencia de Multicolinealidad)3. Los errores son idd (independientes e idÃ©nticamente distribuidos) con distribuciÃ³n normal con media cero y varianza constante.En siguientes publicaciones quiero ğŸ”indagarğŸ” un poco mÃ¡s en cÃ³mo se deben validar los supuestos de los modelos estadÃ­sticosDar sugerencia de modelos (variaciones) que pueden tener el mismo alcance cuando no se cumplen los supuestosğŸ‘ğŸ‘.Por ejemplo, al tener variables independientes correlacionadosâ•â• se desarrollaron estrategias de regularizaciÃ³n, creando variaciones de la regresiÃ³n lineal conocidas como Lasso, Ridge o Elastic Net. En tu caso, estas probando los supuestos de las regresiones linealesâ”â” lo estÃ¡s haciendo de forma correctaâ”â”Si quieres saber mÃ¡s de estos temas, no dudes en escribirmeâ•â•#analÃ­ticaÂ #analisisdedatosÂ #regresionÂ #regresionlinealÂ #supuestosÂ #lassoÂ #ridgeÂ #elasticnetÂ #errorÂ #estadisticaÂ #modelos",https://www.linkedin.com/in/rsaavedr,person,-0.9081
Adalab,Si alguna vez has sentido que no mereces estar en tu puesto y que tus logros son casualidad es probable que sufras el #SÃ­ndromeDeLaImpostora.,https://www.linkedin.com/company/adalab/,company,-0.296
GitLab,"GitLab asked more than 5,000 DevSecOps professionals to share their opinions on the current state of software development, security, and operations. See what teams are prioritizing in 2023.",/in/ACoAAAVrZ5gBhP8hYR5mI6IE2HU9ssFi3_3SK10/,person,0.5574
Carlos L. Guardiola OrtuÃ±o,"Â¿Alguna vez te has preguntadoâ€¦ğŸ”¬ â€¦ hasta quÃ© punto es real que podamos alterar las capacidades del ser humano a travÃ©s de la tecnologÃ­a? Entonces, Â¿cuÃ¡l es el papel de la tecnologÃ­a y quiÃ©n tiene que tomar las decisiones?ğŸ’ Si los avances de la tecnologÃ­a son intencionales y por tanto estÃ¡n dirigidos Â¿significa el transhumanismo que seremos la primera especie que va a evolucionar por diseÃ±o?â›“ Â¿CÃ³mo van a coexistir las diferentes especies de humanos y transhumanos en el mismo lugar y al mismo tiempo? Â¿Estaremos creando una nueva forma de desigualdad? Â¿De discriminaciÃ³n? Â¿De esclavitud?ğŸŒ Â¿Y quÃ© pasa con la Tierra? Â¿QuÃ© recursos tenemos que explotar para construir el siguiente estado evolutivo del ser humano, y quÃ© recursos vamos a tener que consumir para mantenerlo? Â¿Es la colonizaciÃ³n del espacio la respuesta? âš° Â¿En quÃ© momento vamos a alcanzar la inmortalidad? Â¿Debemos alcanzarla? Hace mÃ¡s de 4.000 aÃ±os se escribiÃ³ el viaje de Gilgamesh en busca de la inmortalidad. Hoy, cientÃ­ficos como Ray Kurzweil predicen que el ser humano lograrÃ¡ la inmortalidad en el aÃ±o 2030..Huxley acuÃ±Ã³ el concepto de ""transhumanismo"" para reflejar la idea de que la humanidad debÃ­a usar la ciencia y la tecnologÃ­a para mejorar las capacidades y superar nuestras limitaciones biolÃ³gicas.More va mÃ¡s allÃ¡ de la visiÃ³n del transhumanismo como continuaciÃ³n natural del proceso de evoluciÃ³n, considera que el ser humano tiene la capacidad y la responsabilidad de mejorar su propia naturaleza biolÃ³gica y mental.Otros como Bostrom son partidarios de la idea del ""mejoramiento moral"", que propone que la tecnologÃ­a puede ser utilizada para mejorar las capacidades morales y Ã©ticas de los seres humanos.Y por Ãºltimo, Clark considera que desde hace dÃ©cadas el ser humano han utilizado la tecnologÃ­a para reemplazar o potenciar sus habilidades fÃ­sicas, y que el reto del transhumanismo es la extensiÃ³n de las capacidades cognitivas del ser humano.El jueves 18 de mayo hablamos de Transhumanismo con Isabel FernÃ¡ndez PeÃ±uelas licenciada en FilosofÃ­a y especialista en LÃ³gica, FilosofÃ­a de la Ciencia e Inteligencia Artificial. DespuÃ©s de una carrera de 30 aÃ±os vinculada a la InnovaciÃ³n en empresas como Atos, FatWire y Oracle, ha fundado The Futures Factory, un estudio de prospectiva estratÃ©gica.En fin. Que mientras no podamos reunirnos telepÃ¡ticamente, tendremos que seguir con aforo reducido, asÃ­ es la vida ğŸ¤·â€â™‚ï¸ AquÃ­ las entradas",https://www.linkedin.com/in/carlosguardiola,person,0.5661
Button School,"ğŸ“š Enhance your Design Systems Skills: Expert Tips for Organizing Your Library! ğŸ¨Are you looking to level up your design systems expertise? Exciting news! We're here to help you supercharge your skills and optimize your design library organization. ğŸš€Join us as we share some invaluable tips and tricks. By mastering effective library organization, you can streamline your workflow, enhance collaboration, and unlock your creative potential. ğŸŒŸğŸ” Tip #1: Create two different files: one for styles and the other one for components.ğŸ’¡ Tip #2: The file with styles:Â create a page for colors, typographies and another one for icons.ğŸŒˆ Tip #3: The file with components:Â separate pages for each component.ğŸ¤ Tip #4: In both files add a cover page and introduction or welcome guide and release notes or a changelog, this could help your team to follow up!ğŸ“š Tip #5: Continuous Learning: Expand your design systems knowledge by staying up-to-date with industry trends, attending workshops, and exploring relevant resources. Cultivating a growth mindset will propel your skills to new heights.Ready to transform your design systems organization? Don't miss out on this opportunity to optimize your workflow and boost your creative potential. Let's embark on this journey together!If you're eager to learn more about organizing your design library or want to explore other essential design system topics, feel free to connect with us. We're here to support your professional growth and help you achieve design excellence! ğŸ’ªâœ¨#DesignSystems #LibraryOrganization #CreativeExcellence #ProfessionalGrowth",https://www.linkedin.com/in/nevan,person,0.9957
MARIBEL MENEZO,"*CÃ­rculos de hombres y mujeres*  ""Encontrar tÃº camino"" ğŸŒˆğŸŒ»En los CÃ­rculos de hombres y mujeres encontrarÃ¡s un espacio para compartir desde el amor y el respeto, sanar emociones y sentir que estamos juntos en este maravilloso camino ğŸŒˆâ™¦ï¸TEMÃTICA DEL CÃRCULO: â­ **DEJAR ENTRAR LO QUE DESEO* â­Â¿QuÃ© vas a descubrir y experimentar?ğŸ”¸ConexiÃ³n y autodescubrimiento ğŸ”¸ Romper creencias que te limitanğŸ”¸Toma de conciencia de cuÃ¡l es tu programa que te impide dejar entrar a tÃº vida lo que anhelasQuÃ© te vas a llevar:ğŸ”¹ ConexiÃ³n contigo ğŸ”¹ SanaciÃ³n de heridas y bloqueos emocionales ğŸ”¹ TÃº cÃ³digo de sanaciÃ³n personal para transformar y liberar alma y corazÃ³n ğŸ”¹ ConexiÃ³n espiritual para nutrir tÃº vidağŸ”¹ Nuevas relaciones afines a tÃ­ ğŸ•¯ï¸Reserva tu plaza ahora en el enlace, el cupo es limitado!!! ğŸ‘‡https://lnkd.in/dftjB66aAbrazo grande!!!Maribel Menezo www.maribelmenezoroy.es",https://www.linkedin.com/in/maribel-menezo-15b70526,person,0.7326
Airbus,Get your tech on at Airbus!Explore exciting IT opportunities at Airbus & shape the future of cutting-edge technology,https://www.linkedin.com/company/airbusgroup/,company,0.7263
Enric Rovira,"PrÃ³ximo Viernes 19 de mayo en la Universidad complutense de Madrid - facultad de informÃ¡tica.Inteligencia artificial, kaggle, kahoot, picoteo...anÃ­mate!! ğŸ‘‡#ia #kaggle #meetup #datascience",https://www.linkedin.com/in/enric-rovira-a30195a1,person,0.0
Juliana Rabbi - Remote Work Coach,"âŒ I know that you are having a hard time to land a Remote Jobâ¡ï¸ This is happening because you keep trying different things, but you have no idea if they will actually work to land a Remote Job.ğŸ’¡Â  But let me also tell you this:âœ”ï¸ There is nothing wrong with you because of that.âœ”ï¸ This is not your fault.âœ”ï¸ Nobody taught us how to land jobs - especially #remote #jobs, right?So itâ€™s perfectly normal to feel confused, overwhelmed and even lost in the #jobsearching process.ğŸ˜€ Want to hear the good news?In this post, I will share 3 specific things you can do to have an easier time landing a #remotejob.ğŸ“Œ Have you already implemented any of those 3 things? If yes, what happened?ğŸ“Œ What would you add to the list?Please let me know in the comments.ğŸ‘‰ğŸ¾ I also want to invite you for the LinkedIn Live I will be doing today. The topic is â€œHow to land a well-paid Remote Jobâ€.ğŸ¯ Save your agenda to be here live with me - all you need to do is set an alarm in your agenda, and click on my LinkedIn profile when the live starts.Date: TODAY, Wednesday, the 3rd of May, 2023Time: 12:30pm ET time (New York time)1:30pm GMT -3 time (Brasilia time)6:30pm CET time (Spain time)See you there?#jobsearch",https://www.linkedin.com/in/julianarabbi-career-coach,person,0.9698
Algori,"ğŸ“£ Two weeks ago we shared the freshest #insights from the Spanish #FMCG market during the Algori Launch Event. ğŸ‘ We are very grateful for the active participation, attention and great questions of the attendees. Algori team members were excited to answer as much of them as they could, and the conversations continued afterwards. ğŸ›’ During the event, we analyzed cross-category purchase dynamics among the ten largest Retailers in Spain, and identified the Milk category as the most dynamic one, both year to date, and in the recent weeks. We also shared the Top10 SKUs which gained the most market share during this dynamic period, included a specific case study.ğŸ“© If you are interested in deep diving in any category in a similar matter, get in touch via our website (in the comments) below or by typing ""Interested"" in the comments below.",https://www.linkedin.com/company/algori-ie/,company,0.984
Banca March,"Accede a invertir y a la gestiÃ³n digital de tus productos desde la cuenta online Avantio de Banca March, sin comisiones.",/in/ACoAAAzBSTsBGZg31Z_lJCaGlY-vBbM1FEW577M/,person,-0.5574
David CaÃ±ones,ğŸ‘‹,https://www.linkedin.com/in/victor-galan,person,0.0
Adalab,"Abrimos un super melÃ³n en nuestro blog, el de los #sueldos de los #AnalistasDeDatos en EspaÃ±a. Â¿Alguien en la sala que lo quiera corroborar o rectificar?",https://www.linkedin.com/company/adalab/,company,0.5994
Glovo,"Last week, our CEO Oscar Pierre, paid a visit to ğŸ‡³ğŸ‡¬ Nigeria, one of our key markets on the African continent, together with our CFO Eduard Ros, and our CSO, Mauricio Gomez Diaz.ğŸ›’ They attended the inauguration of the second micro-fulfilment center (MFC) in #Lagos, the countryâ€™s largest city;ğŸ’¬ Held a fireside chat with start-up entrepreneurs about growth in the #Nigerian and #African ecosystem and gave insights on building a successful financial function while managing expansion;ğŸ“º Joined Live Television at Channels Television to talk about the growing trend in Q-Commerce in Nigeria.In 2023, we are continuing to increase the speed at which we establish MFCs, allowing us to stay ahead of the trend while being able to offer partners solutions that allow them to compete fairly in the digital world. In #Africa, where we currently operate in 7 markets and more than 100 cities, we are always exploring and evaluating opportunities.#Glovo",https://www.linkedin.com/company/glovo-app/,company,0.9001
Escuela de Negocios y DirecciÃ³n de la UEMC,MBA Online - MÃ¡ster Oficial en DirecciÃ³n de Empresas - TÃ­tulo Oficial,https://www.linkedin.com/company/escuela-de-negocios-y-direcci%C3%B3n/,company,0.0
The Female Lead,"""27 months of patience, perseverance and yes, even struggles and itâ€™s been absolutely worth it! Also, it turns out itâ€™s about way more than the color of my hair! It was about allowing myself to be vulnerable, uncomfortable, even curious at times. All those things led to self acceptance and confidence, the freedom to be myself and to no longer carry the weight of other peopleâ€™s opinions. Have you been thinking about ditching the dye? Whatâ€™s stopping you? Just do it!! You just might love it. All of it. ğŸ¤Iâ€™m hopeful that one more haircut will get me across the finish line! Clips used in this reel: 12/31/20 - 5/3/23"" â€œThe wings of transformation are born of patience and struggle.â€ Â â€“ Janet S. Dickens Video and caption by Sharon @embracingmygray_2021 on IG â¤ï¸Audio: Background Music by Pavel on TikrokCheck out Sharon's profile here: https://lnkd.in/ewstaj2q#whitehair #ditchingthedye",https://www.linkedin.com/company/thefemalelead/,company,0.9579
Joaquin Palou,"ğŸ‘‰ Impresionante ""cocacola"" colocando una mÃ¡quina expendedora en un aeropuerto. Mientras pides un refresco tienes 30'' de #experienciadeusuario sensacional que puede visualizar todo el aeropuerto para recordar a la gente a donde debe ir a por su refresco. Una genialidad del marqueting digital que fusiona el mundo virtual con el mundo real...ğŸ¥¤ğŸš€ â—â—Si os gustan este tipo de publicaciones podÃ©is recomendar & compartir para que el contenido llegue a muchas mÃ¡s personas. Para seguirme un solo clic en seguir aquÃ­ ğŸ‘‰https://bit.ly/3JfRW8q #RA #AR #RV #VR #virtualreality #Realidadaumentada #realidadvirtual #augmentedreality #tecnologia #tech #innovacion #stem #smartcity #healthtech #health #IA ğŸ‘‡",https://www.linkedin.com/in/joaquin-palou-735a0439,person,0.0
Eleanor Manley,"Winning best pitch for Impact Shakers was a magical experience âœ¨A big congratulations and thank you to Yonca, Alina Klarner & co for making this conference so memorable.",https://www.linkedin.com/in/eleanormanley,person,0.936
CUNEF,ğŸ‘‰ Abiertas Plazas para el Curso 2023-2024 FÃ³rmate de la Mano de Expertos y Directivos del Mundo de la Ciencia de Datos. Â¡InfÃ³rmate!,/in/ACoAAAJYxmgB3oViV4K2Z42muD_tsu7U-chSEHY/,person,0.0
Arnold Ma,"ğŸ¤‘ Guangdong alone = Mexico's GDP!Will China STILL be a strong economy in 15 years?ğŸ‘‡ China: from a poor struggling nation, to the worldâ€™s economic powerhouse.It all started with the æ”¹é©å¼€æ”¾ (or Reform & Opening up) - the policy that helped turn China into an economic miracle.10% growth rates were maintained for literally decades since the late 70s.In 2022, the 3 fastest growing provinces were Fujian & Jiangxi (4.7%).Nowadays, a single province (sometimes even city!) may *surpass* the GDP of a whole country abroad ğŸ˜³ Switzerland < SichuanÂ Â Sweden < HenanÂ  There are several reasons, but these 3 played a big role: ã€1ã€‘ FocusÂ  Many small cities in China focused on contributing to + rapidly developing very specific industries. This also created new selling points to attract foreign investment. ã€2ã€‘ Scale Chinaâ€™s own massive domestic market size (i.e. vast consumer base) is very self-sufficient + capable of generating significant economic growth. Lifting people out of poverty created a positive feedback loop ğŸ™ ã€3ã€‘Infrastructure By investing in high-speed rail systems, 5G networks, parks, real estate, etc. - the country grew better integrated, further boostingÂ its productivity & growth. ğŸš¨As remarkable as all of that is, itâ€™s not all rainbows and sunshine... There is now a massive wealth inequality gap among income groups + urban/rural divide that was created as a result.Â  This has become the NEXT big challenge to tackle!Â  Do you think China will maintain its economic status? Which country/city will rise up next? ğŸ¤”Arnold Ma #China #economy #growth #business #success",https://www.linkedin.com/in/juliocmreis,person,0.9937
Keepler Data Tech,ğŸ™Œ  Thanks to our partner for trusting Keepler Data Tech and accompanying us from the beginning. It is a pleasure to be part of the DTCP community and to continue achieving success together ğŸ¤œ ğŸ¤› Vicente VentoÂ Tim Hofmann Waldemar Maurer,https://www.linkedin.com/company/keepler/,company,0.9186
Pablo SÃ¡nchez Arias,"Boost Your R Code's Performance with parSapply ğŸš€Hey LinkedIn fam! ğŸ‘‹ Are you looking to supercharge your R code and make it run faster? ğŸƒâ€â™‚ï¸ Today, I want to share with you an amazing function in R called parSapply that can significantly speed up your computations. ğŸ’¨parSapply is a parallel computing function in R that allows you to distribute computations across multiple cores or processors, harnessing the power of parallel processing. ğŸš€ By using parSapply, you can take advantage of the full processing power of your machine, making your code more efficient and saving you precious time âŒ›.Here's a simple example of how parSapply can be used to speed up your code:```R# Load the parallel packagelibrary(parallel)# Define a function to be applied in parallelmy_function <- function(x) {Â # Perform some computationally intensive taskÂ # ...}# Create a vector of inputsmy_data <- 1:100# Apply the function in parallel using parSapplyresults <- parSapply(my_data, my_function)```In this example, parSapply distributes the computations of the `my_function` across multiple cores, processing each element of `my_data` simultaneously. This can lead to a significant speedup compared to the sequential version of the code.By leveraging parallel processing with parSapply, you can tackle computationally intensive tasks more efficiently, such as large-scale simulations, data processing, or complex calculations. ğŸ’ªSo, if you find yourself working with large datasets or performing repetitive calculations in R, give parSapply a try! It's a powerful tool that can make a noticeable difference in your code's performance. âš¡ï¸If you're interested in learning more about optimizing your R code and unlocking its full potential, I highly recommend checking out DataCamp's course ""Writing Efficient R Code"" (link: [https://lnkd.in/dVwBqbAN]). It covers various techniques and best practices to improve the efficiency and speed of your R code.Remember, in today's data-driven world, every second counts when it comes to data analysis and processing. Stay ahead of the game by optimizing your R code with parSapply and other performance-enhancing techniques. Happy coding! ğŸ’»âœ¨#RProgramming #DataScience #ParallelProcessing #EfficientCoding #DataCamp",https://www.linkedin.com/in/paulitos,person,0.9944
Universitat Rovira i Virgili,"FÃ³rmate como especialista para el acompaÃ±amiento de personas, grupos y comunidades en procesos de cambio.",https://www.linkedin.com/company/universitaturv/,company,0.0
Giovanna Constant,"ğŸ” 6 Tips I Wish I Had Known Before Starting My Career in People Analytics Reflecting on my journey in the field of People Analytics, I realize there are valuable insights I wish I had known when I started. Today, I want to share these 6 tips that can help you navigate your own path.Â Feel free to share your experiences and additional considerations in the comments below.#PeopleAnalytics #HRAnalytics #DataDrivenHR #PeopleStrategy #HRLeadership #DataVisualization #MachineLearning #CareerTips #ProfessionalDevelopment #ContinuousLearning #BusinessIntelligence #DataScience #StrategicDecisionMaking #HumanResources #DataManagement #StorytellingWithData #IndustryTrends #EmergingTechnologies",https://www.linkedin.com/in/juan-cruz-bayonas,person,0.9531
Expertlytx AI Consulting Solutions,"In today's fast-paced business world, leveraging the power of AI and machine learning is essential for staying competitive and driving success. At Expertlytx AI Consulting Solutions, we understand the importance of these technologies and their critical role in solving complex problems.Our team of expert consultants specializes in providing cutting-edge solutions that leverage the latest advances in AI. Using sophisticated approaches, we can help your business make more accurate and reliable predictions, improve risk assessments, and optimize your operations. Our solutions are built on a deep understanding of the mathematical concepts that underlie machine learning, an area that only some people are familiar with, even data scientists and machine learning engineers.We recognize that businesses face complex problems that require customized solutions. That's why our approach is tailored to your unique challenges and opportunities, whether you need to automate certain tasks, develop machine learning algorithms, or optimize your operations. Our team of experts can help you identify the most appropriate solutions and apply AI strategies effectively to achieve your objectives.In addition to providing solutions, we offer consultation to data scientists and coaching and mentoring to help businesses build internal capacity and expertise. We understand that many businesses may need more in-house resources or expertise to tackle complex problems using AI. We can work closely with your team to coach and mentor them in advanced mathematical concepts and machine learning techniques.If you want to gain a competitive edge in today's fast-paced business world, contact us to learn more about how we can help your business leverage our deep competence, expertise, and experience in AI to achieve your goals and drive success.Â #artificialintelligenceÂ #machinelearningÂ #consultants",https://www.linkedin.com/in/oscar-legat-51840291,person,0.9929
Huhtamaki,"Creemos que el envasado sostenible de alimentos desempeÃ±a un papel clave a la hora de garantizar el suministro de alimentos y su seguridad, y potencia la resiliencia de nuestros sistemas alimentarios. Al garantizar la inocuidad e higiene de los alimentos, el envasado es esencial para impulsar el acceso a alimentos inocuos y asequibles para todos.",https://www.linkedin.com/company/huhtamaki/,company,0.0
IEBS,"ğŸŒ· Â¡Feliz inicio de semana! ğŸ‘‰ Conoce las novedades que tenemos para ti durante el mes de mayo en nuestra AGENDA DEÂ IEBS Business School! ğŸ“†No te pierdas nuestro prÃ³ximo evento:Â #TuristechDay23, conecta con expertos y aprende de su experiencia en el mundo del turismo en este evento Ãºnico. ğŸš€ RegÃ­strate ahora ğŸ‘‰Â http://iebs.es/xhkn4Si quieres ver todo lo que hemos preparado Â¡SUSCRÃBETE ğŸ‘‡ y no dudes en compartir con tu red de contactos! â¬#somosIEBS#emprendedoresÂ #businessÂ #marketingdigital",https://www.linkedin.com/in/sergiogarciaavila,person,-0.4724
Claude Loeffen,"""Please don't prep the candidates for interviews"".Have you ever been told this by a hiring manager? I have.  â—""Over-preparation might make a candidate come across as rehearsed or not authentic""â—â—""If a candidate is not prepared for certain questions or situations, their response can provide insights into their problem-solving skills""â—While I respect their perspective I always highly recommend them to let us prepare candidates for their interviews.But how can you get them on your side? Just telling them that it highly improves the candidate experience is not enough.I see better results when pointing out the effect it could have on the ""INTERVIEW-TEAM EXPERIENCE"":1ï¸âƒ£ Time Consuming: Unprepared candidates may need to have basic concepts or processes explained to them, which can extend the duration of the interview.2ï¸âƒ£ Increased Frustration: Interviewers may become frustrated if they need to repeatedly clarify questions or concepts due to a candidate's lack of understanding.3ï¸âƒ£ Lack of Engagement: An unprepared candidate is less likely to ask insightful questions or engage in meaningful conversation, resulting in a more monotonous interview experience.4ï¸âƒ£ More Follow-Up Interviews: If a candidate is unprepared, it may necessitate further rounds of interviews, placing additional burdens on the interview team.5ï¸âƒ£ Hindered Decision-Making: The lack of clarity and depth in an unprepared candidate's responses can make the hiring decision more challenging.6ï¸âƒ£  Negative Perception: Continually dealing with unprepared candidates can lead to a negative perception of the recruitment process or the recruitment team involved.In the end, we want more than just to find people for jobs. We want to help skilled people and great companies find each other. We believe that getting candidates ready for interviews is a key step in doing this.In your opinion, what role should recruiters play in preparing candidates for interviews?#candidateexperience #interviewing #interviewpreparation #talentacquisition #hiringmanagers",https://www.linkedin.com/in/julianarabbi-career-coach,person,0.8343
TED Conferences,This talk is a must-watch for every parent of young children: http://t.ted.com/EJP6aNQ,https://www.linkedin.com/company/ted-conferences/,company,0.0
Cabify para empresas,"#BLOG | 8 de cada 10 ciudadanos europeos piden a las #empresas que tengan iniciativas reales por la #inclusiÃ³nsocial.AsÃ­ lo determinÃ³ European Coalition for Corporate Justice con su encuesta para saber quÃ© esperan los ciudadanos de las empresas cuando se habla de #sostenibilidad. AsÃ­ quedÃ³ el ranking:Â 1. Que cumplan con el #medioambiente2. con los #derechoshumanosÂ 3. y con los mÃ¡s desfavorecidos. En nuestro Ãºltimo artÃ­culo â€˜CÃ³mo combatir la #exclusiÃ³nsocial en el entorno laboralâ€™, te contamos quÃ© iniciativas tienen en marcha empresas como Inditex, Orange o el banco Santander ğŸ‘‰ https://lnkd.in/efu2Bp2kY aunque es innegable que estos esfuerzos son encomiables, todavÃ­a queda un gran rango de acciÃ³n y de #oportunidad para seguir reduciendo la exclusiÃ³n social por parte de las empresas. Â¿La tuya tiene alguna iniciativa en marcha? Â¿Te gustarÃ­a dedicar mÃ¡s recursos a este problema? Â¡Te leemos! ğŸ‘‡ #Movilidad #Movilidadsostenible #Transportecorporativo",https://www.linkedin.com/company/cabify-empresas/,company,0.6189
Spot by NetApp,"Right-size your cloud compute for greater cost-efficiency, optimal resource utilization and high availability. Download our FREE eBook today with step-by-step guidance for right-sizing success in the cloud.",/in/ACoAACRjibsBr7qKngr8ooVGQJ0wWzO5welZsUM/,person,0.9141
Tobi Oluwole,8 Nigerian (Yoruba) proverbs that will change your perspective:,https://www.linkedin.com/in/ariel-gioino-robman-69566a72,person,0.0
Constanza Gil,"Junto con mi equipo de Legal en Barcelona, estamos muy contentos de contar que la semana pasada nos ha llegado nuestra primera resoluciÃ³n favorable del nuevo permiso de residencia para NOMADAS DIGITALES. Luego de la entrada en vigor de la ultima modificaciÃ³n de Ley 14/2013, donde se introduce esta nueva figura legal, para aquellos ciudadanos de terceros paÃ­ses , fuera del Ã¡mbito de la UniÃ³n Europea,  que desarrollan su profesiÃ³n de forma remota en EspaÃ±a. Ha significado un gran trabajo personal de investigaciÃ³n y estudio para llegar finalmente a esta resoluciÃ³n, que espero sea la primera de muchas.Me parece de gran importancia que las leyes que nos rigen en nuestra vida cotidiana, comiencen a estar a la altura del mundo globalizado en el que vivimos y sin duda esta posibilidad de residir en EspaÃ±a desarrollando la profesiÃ³n de manera remota, es un gran avance ğŸŒ .",https://www.linkedin.com/in/marina-llompart,person,0.7506
Ironhack Netherlands,"Hi Setareh, we're very happy you will be joining our #Ironhack community ğŸ’™ Good luck with your tech journey! ğŸš€",https://www.linkedin.com/company/ironhack-netherlands/,company,0.8803
Deusto Business School,Marca la diferencia con los programas Executive de Deusto Business School,https://www.linkedin.com/company/deusto-business-school/,company,0.0
Apiux TecnologÃ­a,"No todos se atreven a enfrentarse al cambio de rutina, a los dolores musculares despuÃ©s de un entrenamiento y a cruzar decenas de kilÃ³metros por toda la ciudad. ğŸ¥µğŸ’› Â¡Pero nuestros #Yellowers sÃ­! ğŸ’›Ayer 14 de Mayo, el equipo de Apiux Runner 2023 atravesÃ³ con Ã©xito la lÃ­nea de meta de la MaratÃ³n de Santiago, ğŸ‡¨ğŸ‡± demostrando una vez mÃ¡s de quÃ© estamos hechos. ğŸƒğŸ˜Fueron 2 meses y medio de preparaciÃ³n y entrenamientos semanales, guiados por nuestra coach Karen Torrealba, en las que el equipo fortaleciÃ³ cuerpo y mente para afrontar este desafÃ­o. ğŸ†No fue fÃ¡cil, pero nos encantan los retos. ğŸ¯El deporte no solo ejercita el cuerpo, ğŸ§tambiÃ©n ejercita la mente.ğŸ§  Â¡Gracias equipo Apiux Runner â€˜23! ğŸ’› Â¡Nunca paren de avanzar!â¡ï¸Â¡WeÂ´re not comfortable by being comfortable! ğŸš€AquÃ­ el resumen. â¬‡ï¸ Â¡AyÃºdanos a compartir nuestra experiencia! ğŸ”„",https://www.linkedin.com/company/api-ux/,company,-0.8742
Joaquin Palou,ğŸ’¥ Ejemplo de #innovacion en el Ã¡mbito de la #sanidad . Aplicar los grandes avances en tecnologÃ­a mÃ©dica para mejorar la calidad de vida de muchas personas y salvar mÃ¡s vidas...ğŸ¤”ğŸ¤”ğŸ¤” â— â—Si os gustan este tipo de publicaciones podÃ©is recomendar & compartir para que el contenido llegue a muchas mÃ¡s personas. Para seguirme un solo clic en seguir aquÃ­ ğŸ‘‰https://bit.ly/3JfRW8q #RA #AR #RV #VR #virtualreality #Realidadaumentada #realidadvirtual #augmentedreality #tecnologia #tech #innovacion #stem #smartcity #healthtech #health #IA ğŸ‘‡,https://www.linkedin.com/in/joaquin-palou-735a0439,person,0.0
Brais Moure,No todos los dÃ­as te llega un regalo de daily.dev con un setup de Lego exactamente igual al tuyo...Â¡MuchÃ­simas gracias! ğŸ¥°,https://www.linkedin.com/in/braismoure/profile-video/view/urn%3Ali%3Afsd%5Fstory%3Aurn%3Ali%3Astory%3AACoAABbSaXUBxPGt0W3qMI2fatx6k91T7g%2DNuOQ,person,-0.3595
Weavr.io,"Discover how B2B SaaS apps for employee benefits or expense management are embedding finance to 2x revenue per user, without upping marketing spend. The impact can be validated in just 6 months.",https://www.linkedin.com/company/weavrpayments/,company,0.5423
Pablo SÃ¡nchez Arias,"ğŸ“¢ Boosting Your Data Manipulation Skills in R: The Power of ymd() ğŸš€Are you tired of dealing with messy date formats in your data? Look no further! Let me introduce you to the amazing `ymd()` function in R, which stands for ""year-month-day.""The `ymd()` function is part of the `lubridate` package, a powerful toolkit for handling dates and times in R. It allows you to effortlessly convert character strings representing dates into proper date objects, making your data manipulation tasks a breeze.Here's a quick example to illustrate the magic of `ymd()`:```Rlibrary(lubridate)# Convert character strings to date objectsdate_strings <- c(""2023-05-15"", ""2023-06-20"", ""2023-07-10"")dates <- ymd(date_strings)# Perform operations with datesearliest_date <- min(dates)latest_date <- max(dates)date_diff <- latest_date - earliest_date# Wow! Manipulating dates has never been easier with ymd()! ğŸ‰```By using `ymd()`, you can directly convert date strings in the ""yyyy-mm-dd"" format to date objects without worrying about the specific formatting details. It intelligently recognizes the year, month, and day components, allowing you to focus on your analysis rather than spending time on data cleaning.So, whether you're working with time series data, conducting trend analysis, or simply need to extract specific components from dates, `ymd()` will be your new best friend.Ready to level up your data manipulation game in R? Explore the `ymd()` function from the `lubridate` package and unlock the full potential of your date-related tasks! ğŸ“…ğŸ’ª#DataManipulation #RProgramming #DateHandling #lubridate #ymdFunction",https://www.linkedin.com/in/paulitos,person,0.8192
John Crickett,"If I were to start my programming journey again, I would learn these three programming languages:1. Python2. TypeScript3. RustIn that order.Hereâ€™s why Python:Python has a comprehensive standard library that makes it easy to do most things with just the language itself. You can also just download the interpreter and go!Python is also easy to learn. Its simple syntax and readability make it an excellent choice for beginners, while still providing experienced programmers with the tools they need to tackle complex problems.Python is one of the most in-demand skills in the job market today. From data engineering and data scientist to software engineers, Python is used across a wide range of industries and applications.So if you're just starting out on your programming journey Python is a great fit.Hereâ€™s why TypeScript:TypeScript combines the benefits of JavaScript (and all of itâ€™s useful ecosystem) with type-checking. This type-checking allows the compiler to catch many potential bugs at compile time rather than runtime.TypeScript is also easy to learn. Its relatively simple syntax and readability make it an excellent choice for junior to intermediate developers moving into their first typed programming language, while still providing the tools you need to tackle complex problems.TypeScript is also one of the most in-demand skills in the job market today - fourth on a recent survey behind Python and JavaScript (which it will probably overtake soon).Hereâ€™s why Rust:Rust straddles the line between application and systems programming language. As such itâ€™s well suited to writing both applications and systems software. Being both a high level language and at the same time offering zero-cost abstractions and built in support for concurrency which allows us to write performant code.Rust has a number of features, i.e. immutable, by default, type safety and ownership that help detect or prevent common programming errors, i.e. memory errors, type errors and data races.Rust has a great and rapidly evolving ecosystem offering a wide range of crates and a great command line tool - cargo - to manage dependencies and builds.How about you?",https://www.linkedin.com/in/ishmael-ho,person,0.9904
Dr. Joerg Storm,15 Moving Images About Life & Psychology.Check out these 15 inspiring graphics on psychology and life if you're interested in learning more about yourself and the world around you.How do you like?Like this post? Follow #drstorm press â€œlikeâ€ and the ğŸ”” and/or share with your network.   #technology #automotive #innovation #tech #blockchain #leadership #ai #digital #future #trends #business #managment #coaching  All rights and credits are reserved for the respective owner(s).Credits the maybe (the GREAT GREAT  Marloes Huijsmans alias Linesby Loes ) via Sasa Spasic,https://www.linkedin.com/in/raulmoyareyes,person,0.972
AUDI AG,"Shaping the future of work ++ At the IESE Business School Mobility Industry Meeting in Barcelona, our Chief Human Resources Officer Xavier Ros explained how Audi is tackling the challenges of workforce transformation.Discover more key statements from his keynote here: https://lnkd.in/eJ5hpYsh#Audi #HR #HumanResources #transformation #IESEMobility #empowerment",https://www.linkedin.com/company/audi-ag/,company,0.0772
Najim Zaytoun ğŸ§ ,"Feeling ""stuck""? Trust me, 3 out of 4 people around you feel the same way.If you've known me for a while, then you also know that I deeply care about how we can take control of our professional compass.And that's exactly why Meander exists.Come meander with us!ğŸ‘‡ (link in comments)",https://www.linkedin.com/in/najim-zaytoun,person,0.8217
El Independiente,"#EMPLEO | Mercadona necesita a 7.000 trabajadores: todas las condiciones, a continuaciÃ³n #trabajo #supermercados #economÃ­a",https://www.linkedin.com/company/mercadona/,company,0.0
Javier Duque,"Although there are more members in the United States (first), England (second), Sweden (third) and Germany (fourth).",https://www.linkedin.com/in/javierduque,person,0.4215
Amazon,"You know that exciting feeling you get when your Amazon package arrives? Well, it turns out you're not the only one that gets excited, your pets love it too! ğŸ’™ ğŸ“¦ That's why we are thrilled that our second Amazon Pet Day shopping event is in full swing, May 2nd-3rd.To help celebrate National Pet Month, we will also be donating to chosen organizations that focus on animal welfare, as well as providing free dog vaccinations at select locations while supplies last, in collaboration with PetIQ.  Drop us a comment below with a photo of your pet enjoying their Amazon delivery. ğŸ¾ To learn more about Amazon Pet Day, read here â¡ï¸ https://amzn.to/42hNob7",https://www.linkedin.com/company/amazon/,company,0.9855
ECOEMBES,"ğŸ“Œ Â¿QuÃ© papel tienen las organizaciones en el movimiento de los Liberadores?MarÃ­a Escribano Romero, Gerente de ComunicaciÃ³n Corporativa & ESG de Alsea Europa nos cuenta el plan ambicioso de la compaÃ±Ã­a para reducir su impacto en los residuos que generan.Como Alsea, cientos de empresas Liberadoras se han unido al #ProyectoLIBERA para unir fuerzas y combatir los efectos tan negativos de la #basuraleza.Â¡No te lo pierdas! ğŸ‘‡https://lnkd.in/dPmA6PrH",https://www.linkedin.com/company/ecoembes/,company,0.0
ING EspaÃ±a&Portugal,"Llega mayo y, como todos los aÃ±os, aprovechamos para repasar nuestros resultados comerciales del primer trimestre de 2023. Un periodo en que hemos cumplido un aÃ±o del lanzamiento de nuestra nueva experiencia digital y en el que celebramos miles de bienvenidas. Â¡Y parece que fue ayer!â¬‡  Te dejamos con todos los detalles â¬‡",https://www.linkedin.com/company/ing-espana-portugal/,company,0.0
Creative News,"A escola lÃ­der em formaÃ§Ã£o tecnolÃ³gicaÂ IronhackÂ acaba de lanÃ§ar o relatÃ³rioÂ â€œO estado do Sector TecnolÃ³gico em Portugal"". A partir de dados objetivos e da experiÃªncia de diversas fontes relevantes, releva os principais desafios no mercado e quais serÃ£o as tendÃªncias para 2023.Clique na imagem e leia o artigo completo!#creativenews #creativenewsportugal #Ironhack #programaÃ§Ã£o #formaÃ§Ã£o #tech Ironhack Ironhack Portugal",https://www.linkedin.com/in/diogocapitao,person,-0.3595
