,names,brand,price,links
0,Zapatilla Mujer Reebok Classic Leather SP   Blanco,ADIDAS,90.00,https://www.murallasport.com/producto/5477-zapatilla-mujer-reebok-classic-leather-sp-blanco
1,Zapatilla Nike Zoom Air Fire   Blanco,NIKE,119.99,https://www.murallasport.com/producto/5998-zapatilla-nike-zoom-air-fire-blanco
2,New Balance 530,NEW BALANCE,110.00,https://www.murallasport.com/producto/6229-new-balance-530
3,Zapatillla  New Balance CT302   Beige,NEW BALANCE,110.00,https://www.murallasport.com/producto/5330-zapatillla-new-balance-ct302-beige
4,Zapatilla Mujer New Balance 327   Beige,NEW BALANCE,114.00,https://www.murallasport.com/producto/5473-zapatilla-mujer-new-balance-327-beige
5,New Balance 327,NEW BALANCE,120.00,https://www.murallasport.com/producto/5948-new-balance-327
6,New Balance 327,NEW BALANCE,120.00,https://www.murallasport.com/producto/5949-new-balance-327
7,New Balance 610,NEW BALANCE,120.00,https://www.murallasport.com/producto/6045-new-balance-610
8,Zapatilla  Converse All Star Lift High Water-Re...,CONVERSE,79.95,https://www.murallasport.com/producto/5584-zapatilla-converse-all-star-lift-high-water-repellent
9,Zapatilla  Converse All Star Hi Water-Repellent...,CONVERSE,80.00,https://www.murallasport.com/producto/5853-zapatilla-converse-all-star-hi-water-repellent-beige
10,Zapatilla Converse Lift Hi Suede,CONVERSE,84.95,https://www.murallasport.com/producto/5578-zapatilla-converse-lift-hi-suede
11,Zapatilla  Converse CTAS Lugged 2.0 Hi   Gris,CONVERSE,85.00,https://www.murallasport.com/producto/5586-zapatilla-converse-ctas-lugged-2-0-hi-gris
12,Zapatilla  Converse Chuck Taylor  Lift Hi  Marrón,CONVERSE,90.00,https://www.murallasport.com/producto/5608-zapatilla-converse-chuck-taylor-lift-hi-marron
13,Zapatilla Mujer Converse Move Plat Stripe Knit ...,CONVERSE,95.00,https://www.murallasport.com/producto/5455-zapatilla-mujer-converse-move-plat-stripe-knit-gris
14,Zapatilla Converse Chuck Taylor All Star Lift P...,CONVERSE,95.00,https://www.murallasport.com/producto/5587-zapatilla-converse-chuck-taylor-all-star-lift-platform-suede
15,Zapatilla Converse Run Star Hike Hi  Gris,CONVERSE,110.00,https://www.murallasport.com/producto/5387-zapatilla-converse-run-star-hike-hi-gris
16,Zapatilla  Converse Run Star Hike Hi  Marrón,CONVERSE,110.00,https://www.murallasport.com/producto/5388-zapatilla-converse-run-star-hike-hi-marron
17,Zapatilla Converse Lugged 2.0 Caunter Climate  ...,CONVERSE,120.00,https://www.murallasport.com/producto/5927-zapatilla-converse-lugged-2-0-caunter-climate-rosa
18,Zapatilla Vans Old Skool,VANS,64.00,https://www.murallasport.com/producto/5556-zapatilla-vans-old-skool
19,Vans Old Skool Platform   Blanco,VANS,85.00,https://www.murallasport.com/producto/6047-vans-old-skool-platform-blanco
20,Zapatilla  Vans Sk8-Hi Mte-1   Negro,VANS,96.00,https://www.murallasport.com/producto/5566-zapatilla-vans-sk8-hi-mte-1-negro
21,Zapatilla  Puma Carina Lift TW   Blanco,PUMA,56.00,https://www.murallasport.com/producto/5581-zapatilla-puma-carina-lift-tw-blanco
22,Zapatilla  Puma Mayze   Blanco,PUMA,88.00,https://www.murallasport.com/producto/5754-zapatilla-puma-mayze-blanco
23,Zapatillas  Puma Rider FV   Blanco,PUMA,89.95,https://www.murallasport.com/producto/5749-zapatillas-puma-rider-fv-blanco
